<manifest alg="2" build="2017.0.0.363" opt="false" iceEnabled="true" iceMarkupVersion="2" iceEnabledOptions="link,responsive,cachebuster" exportTarget="other" domain="1.com" resolutions="1x,2x" timestamp="1485955926043">
  <folder name="assets">
    <file name="chandni_ui0513_fab-academy_final-project_concept.pdf" crc="139454050" seo="true" mt="1477220928000"/>
  </folder>
  <folder name="css">
    <file name="site_global.css" crc="443350757"/>
    <file name="master_a-master.css" crc="4289180371" ref="index:final-project:about-me:contact-me:weekly-assignments:week-1:untitled-7"/>
    <file name="index.css" crc="3928136020" ref="index"/>
    <file name="final-project.css" crc="31926063" ref="final-project"/>
    <file name="about-me.css" crc="51585402" ref="about-me"/>
    <file name="contact-me.css" crc="62019388" ref="contact-me"/>
    <file name="weekly-assignments.css" crc="4054030984" ref="weekly-assignments"/>
    <file name="week-1.css" crc="3786341011" ref="week-1"/>
    <file name="iefonts_contact-me.css" crc="4269445468" ref="contact-me"/>
    <file name="untitled-7.css" crc="4070523306" ref="untitled-7"/>
    <file name="iefonts_index.css" crc="476387475" ref="index"/>
    <file name="iefonts_about-me.css" crc="4047797433" ref="about-me"/>
    <file name="iefonts_final-project.css" crc="366987967" ref="final-project"/>
    <file name="iefonts_week-1.css" crc="502687447" ref="week-1"/>
  </folder>
  <folder name="scripts">
    <file name="jquery-1.8.3.min.js" crc="209076791" ref="index:about-me:weekly-assignments:final-project:contact-me:week-1:untitled-7"/>
    <file name="museutils.js" crc="163421577" ref="index:about-me:weekly-assignments:final-project:contact-me:week-1:untitled-7"/>
    <file name="whatinput.js" crc="86476730" ref="index:about-me:weekly-assignments:final-project:contact-me:week-1:untitled-7"/>
    <file name="museconfig.js" crc="168988563" ref="index:about-me:weekly-assignments:final-project:contact-me:week-1:untitled-7"/>
    <file name="jquery.watch.js" crc="104486786" ref="index:about-me:weekly-assignments:final-project:contact-me:week-1:untitled-7"/>
    <file name="require.js" crc="244322403" ref="index:about-me:weekly-assignments:final-project:contact-me:week-1:untitled-7"/>
  </folder>
  <folder name="images">
    <file name="logo.png" crc="248749963" seo="true" ref="index"/>
    <file name="logo_2x.png" crc="384749365" seo="true" ref="index"/>
    <file name="maxresdefault.png" crc="383764846" seo="true" ref="index"/>
    <file name="maxresdefault_2x.png" crc="240619097" seo="true" ref="index"/>
    <file name="v.jpg" crc="462142271" seo="true" ref="index:about-me:contact-me"/>
    <file name="u134-4.png" crc="3999921002" ref="index"/>
    <file name="u134-4_2x.png" crc="193333336" ref="index"/>
    <file name="u979-4.png" crc="4054619176" ref="index"/>
    <file name="u979-4_2x.png" crc="3852779177" ref="index"/>
    <file name="v_2x.jpg" crc="37433702" seo="true" ref="about-me"/>
    <file name="20141215_115100.jpg" crc="3833438554" seo="true" ref="about-me"/>
    <file name="20141215_115100_2x.jpg" crc="395646409" seo="true" ref="about-me"/>
    <file name="untitled-1.png" crc="25902996" seo="true" ref="weekly-assignments"/>
    <file name="untitled-1_2x.png" crc="495464738" seo="true" ref="weekly-assignments"/>
    <file name="adobe_muse_logo.jpg" crc="467169051" seo="true" ref="week-1"/>
    <file name="adobe_muse_logo_2x.jpg" crc="3822637062" seo="true" ref="week-1"/>
    <file name="logo56x58.png" crc="356948492" seo="true" ref="index"/>
    <file name="logo56x58_2x.png" crc="4162808536" seo="true" ref="index"/>
    <file name="maxresdefault135x96.png" crc="200436186" seo="true" ref="index"/>
    <file name="maxresdefault135x96_2x.png" crc="4279041260" seo="true" ref="index"/>
    <file name="u1866-6.png" crc="4088220383" ref="index"/>
    <file name="u1866-6_2x.png" crc="4025841409" ref="index"/>
    <file name="chandni_ui0513_fab academy_final project_concept.jpg" crc="3940028464" seo="true" ref="final-project"/>
    <file name="chandni_ui0513_fab academy_final project_concept_2x.jpg" crc="4023542916" seo="true" ref="final-project"/>
    <file name="pasted image 1920x969.jpg" crc="270778345" seo="true" ref="week-1"/>
    <file name="pasted image 1920x969_2x.jpg" crc="3925930283" seo="true" ref="week-1"/>
    <file name="pasted image 1920x1032.jpg" crc="3803612303" seo="true" ref="week-1"/>
    <file name="pasted image 1920x1032_2x.jpg" crc="301912769" seo="true" ref="week-1"/>
    <file name="pasted image 1920x10322.jpg" crc="4199783346" seo="true" ref="week-1"/>
    <file name="pasted image 1920x1032_2x2.jpg" crc="4089758023" seo="true" ref="week-1"/>
    <file name="pasted image 1920x10323.jpg" crc="4127520496" seo="true" ref="week-1"/>
    <file name="pasted image 1920x1032_2x3.jpg" crc="433497281" seo="true" ref="week-1"/>
    <file name="new doc 2017-01-31 151807_1.jpg" crc="3866117468" seo="true" ref="week-1"/>
    <file name="new doc 2017-01-31 151807_1_2x.jpg" crc="114976108" seo="true" ref="week-1"/>
    <file name="new doc 2017-01-31 151840_1.jpg" crc="311754659" seo="true" ref="week-1"/>
    <file name="new doc 2017-01-31 151840_1_2x.jpg" crc="250450204" seo="true" ref="week-1"/>
    <file name="screenshot (217).jpg" crc="3992475538" seo="true" ref="week-1"/>
    <file name="screenshot (217)_2x.jpg" crc="156810826" seo="true" ref="week-1"/>
    <file name="screenshot (218).jpg" crc="3839918054" seo="true" ref="week-1"/>
    <file name="screenshot (220).jpg" crc="313467070" seo="true" ref="week-1"/>
    <file name="screenshot (220)_2x.jpg" crc="531227533" seo="true" ref="week-1"/>
    <file name="screenshot (221).jpg" crc="3932815524" seo="true" ref="week-1"/>
    <file name="screenshot (221)_2x.jpg" crc="4107502590" seo="true" ref="week-1"/>
    <file name="screenshot (219).jpg" crc="3832511165" seo="true" ref="week-1"/>
    <file name="screenshot (219)_2x.jpg" crc="476286503" seo="true" ref="week-1"/>
    <file name="screenshot (222).jpg" crc="3865099639" seo="true" ref="week-1"/>
    <file name="screenshot (222)_2x.jpg" crc="436193494" seo="true" ref="week-1"/>
    <file name="pasted image 1920x1029.jpg" crc="4148905922" seo="true" ref="week-1"/>
    <file name="pasted image 1920x1029_2x.jpg" crc="4135608184" seo="true" ref="week-1"/>
    <file name="new doc 2017-01-31 153013_1.jpg" crc="4284847979" seo="true" ref="week-1"/>
    <file name="new doc 2017-01-31 153013_1_2x.jpg" crc="3901709919" seo="true" ref="week-1"/>
    <file name="new doc 2017-01-31 153013_2.jpg" crc="115566862" seo="true" ref="week-1"/>
    <file name="new doc 2017-01-31 153013_2_2x.jpg" crc="212846640" seo="true" ref="week-1"/>
    <file name="new doc 2017-01-31 153013_3.jpg" crc="98399554" seo="true" ref="week-1"/>
    <file name="new doc 2017-01-31 153013_3_2x.jpg" crc="208020283" seo="true" ref="week-1"/>
    <file name="new doc 2017-01-31 153013_4.jpg" crc="4248372782" seo="true" ref="week-1"/>
    <file name="new doc 2017-01-31 153013_4_2x.jpg" crc="4245655235" seo="true" ref="week-1"/>
    <file name="screenshot (226).jpg" crc="414789313" seo="true" ref="week-1"/>
    <file name="screenshot (226)_2x.jpg" crc="303925721" seo="true" ref="week-1"/>
    <file name="pasted image 1920x9692.jpg" crc="3980848529" seo="true" ref="week-1"/>
    <file name="pasted image 1920x969_2x2.jpg" crc="4053522557" seo="true" ref="week-1"/>
  </folder>
  <file name="index.html" crc="170030939" seo="true" mt="1485955790292" redirect="true"/>
  <file name="about-me.html" crc="182543456" seo="true" mt="1485955790292" redirect="true"/>
  <file name="weekly-assignments.html" crc="4029871056" seo="true" mt="1485955790292" redirect="true"/>
  <file name="final-project.html" crc="369664225" seo="true" mt="1485955790292" redirect="true"/>
  <file name="contact-me.html" crc="173158308" seo="true" mt="1485955901102" redirect="true"/>
  <file name="week-1.html" crc="4220590101" seo="true" mt="1485955790292" redirect="true"/>
  <file name="untitled-7.html" crc="154797214" seo="true" mt="1485955790292" redirect="true"/>
</manifest>